Record_ID,Clustered_Barangay,Date,Day_of_Week,Time_of_Day,Weather_Condition,Population,Commercial_Activity_Score,Distance_to_City_Center_km,Tricycle_Passenger_Count,Enumerator_Name,Remarks
1,Cluster 1 (Lagao-City Heights),2026-03-02,Monday,7:00AM-8:00AM,Windy,42000,11,6.5,39,J. Dela Cruz,
2,Cluster 1 (Lagao-City Heights),2026-03-02,Monday,8:00AM-9:00AM,Sunny,42000,11,6.5,45,J. Dela Cruz,
3,Cluster 1 (Lagao-City Heights),2026-03-02,Monday,9:00AM-10:00AM,Windy,42000,11,6.5,38,J. Dela Cruz,
4,Cluster 1 (Lagao-City Heights),2026-03-02,Monday,10:00AM-11:00AM,Rainy,42000,11,6.5,22,J. Dela Cruz,
5,Cluster 1 (Lagao-City Heights),2026-03-02,Monday,11:00AM-12:00PM,Sunny,42000,11,6.5,27,J. Dela Cruz,
6,Cluster 1 (Lagao-City Heights),2026-03-02,Monday,12:00PM-1:00PM,Sunny,42000,11,6.5,33,J. Dela Cruz,
7,Cluster 1 (Lagao-City Heights),2026-03-02,Monday,1:00PM-2:00PM,Sunny,42000,11,6.5,30,J. Dela Cruz,
8,Cluster 1 (Lagao-City Heights),2026-03-02,Monday,2:00PM-3:00PM,Windy,42000,11,6.5,29,J. Dela Cruz,
9,Cluster 1 (Lagao-City Heights),2026-03-02,Monday,3:00PM-4:00PM,Sunny,42000,11,6.5,32,J. Dela Cruz,
10,Cluster 1 (Lagao-City Heights),2026-03-02,Monday,4:00PM-5:00PM,Rainy,42000,11,6.5,25,J. Dela Cruz,
11,Cluster 1 (Lagao-City Heights),2026-03-02,Monday,5:00PM-6:00PM,Rainy,42000,11,6.5,36,J. Dela Cruz,
12,Cluster 1 (Lagao-City Heights),2026-03-02,Monday,6:00PM-7:00PM,Sunny,42000,11,6.5,41,J. Dela Cruz,
13,Cluster 2 (Calumpang-Bula),2026-03-02,Monday,7:00AM-8:00AM,Stormy,28500,7,4.0,15,J. Dela Cruz,
14,Cluster 2 (Calumpang-Bula),2026-03-02,Monday,8:00AM-9:00AM,Sunny,28500,7,4.0,30,J. Dela Cruz,
15,Cluster 2 (Calumpang-Bula),2026-03-02,Monday,9:00AM-10:00AM,Rainy,28500,7,4.0,21,J. Dela Cruz,
16,Cluster 2 (Calumpang-Bula),2026-03-02,Monday,10:00AM-11:00AM,Rainy,28500,7,4.0,17,J. Dela Cruz,
17,Cluster 2 (Calumpang-Bula),2026-03-02,Monday,11:00AM-12:00PM,Sunny,28500,7,4.0,23,J. Dela Cruz,
18,Cluster 2 (Calumpang-Bula),2026-03-02,Monday,12:00PM-1:00PM,Sunny,28500,7,4.0,24,J. Dela Cruz,
19,Cluster 2 (Calumpang-Bula),2026-03-02,Monday,1:00PM-2:00PM,Rainy,28500,7,4.0,17,J. Dela Cruz,
20,Cluster 2 (Calumpang-Bula),2026-03-02,Monday,2:00PM-3:00PM,Rainy,28500,7,4.0,16,J. Dela Cruz,
21,Cluster 2 (Calumpang-Bula),2026-03-02,Monday,3:00PM-4:00PM,Windy,28500,7,4.0,19,J. Dela Cruz,
22,Cluster 2 (Calumpang-Bula),2026-03-02,Monday,4:00PM-5:00PM,Sunny,28500,7,4.0,25,J. Dela Cruz,
23,Cluster 2 (Calumpang-Bula),2026-03-02,Monday,5:00PM-6:00PM,Sunny,28500,7,4.0,30,J. Dela Cruz,
24,Cluster 2 (Calumpang-Bula),2026-03-02,Monday,6:00PM-7:00PM,Sunny,28500,7,4.0,29,J. Dela Cruz,
25,Cluster 3 (Dadiangas Central),2026-03-02,Monday,7:00AM-8:00AM,Windy,35000,12,1.2,50,J. Dela Cruz,
26,Cluster 3 (Dadiangas Central),2026-03-02,Monday,8:00AM-9:00AM,Sunny,35000,12,1.2,52,J. Dela Cruz,
27,Cluster 3 (Dadiangas Central),2026-03-02,Monday,9:00AM-10:00AM,Sunny,35000,12,1.2,49,J. Dela Cruz,
28,Cluster 3 (Dadiangas Central),2026-03-02,Monday,10:00AM-11:00AM,Windy,35000,12,1.2,36,J. Dela Cruz,
29,Cluster 3 (Dadiangas Central),2026-03-02,Monday,11:00AM-12:00PM,Sunny,35000,12,1.2,37,J. Dela Cruz,
30,Cluster 3 (Dadiangas Central),2026-03-02,Monday,12:00PM-1:00PM,Sunny,35000,12,1.2,38,J. Dela Cruz,
31,Cluster 3 (Dadiangas Central),2026-03-02,Monday,1:00PM-2:00PM,Stormy,35000,12,1.2,19,J. Dela Cruz,
32,Cluster 3 (Dadiangas Central),2026-03-02,Monday,2:00PM-3:00PM,Windy,35000,12,1.2,35,J. Dela Cruz,
33,Cluster 3 (Dadiangas Central),2026-03-02,Monday,3:00PM-4:00PM,Rainy,35000,12,1.2,29,J. Dela Cruz,
34,Cluster 3 (Dadiangas Central),2026-03-02,Monday,4:00PM-5:00PM,Sunny,35000,12,1.2,39,J. Dela Cruz,
35,Cluster 3 (Dadiangas Central),2026-03-02,Monday,5:00PM-6:00PM,Sunny,35000,12,1.2,51,J. Dela Cruz,
36,Cluster 3 (Dadiangas Central),2026-03-02,Monday,6:00PM-7:00PM,Sunny,35000,12,1.2,56,J. Dela Cruz,
37,Cluster 4 (Apopong-Sinawal),2026-03-02,Monday,7:00AM-8:00AM,Rainy,19500,5,9.8,14,J. Dela Cruz,
38,Cluster 4 (Apopong-Sinawal),2026-03-02,Monday,8:00AM-9:00AM,Windy,19500,5,9.8,18,J. Dela Cruz,
39,Cluster 4 (Apopong-Sinawal),2026-03-02,Monday,9:00AM-10:00AM,Rainy,19500,5,9.8,12,J. Dela Cruz,
40,Cluster 4 (Apopong-Sinawal),2026-03-02,Monday,10:00AM-11:00AM,Sunny,19500,5,9.8,12,J. Dela Cruz,
41,Cluster 4 (Apopong-Sinawal),2026-03-02,Monday,11:00AM-12:00PM,Windy,19500,5,9.8,11,J. Dela Cruz,
42,Cluster 4 (Apopong-Sinawal),2026-03-02,Monday,12:00PM-1:00PM,Windy,19500,5,9.8,14,J. Dela Cruz,
43,Cluster 4 (Apopong-Sinawal),2026-03-02,Monday,1:00PM-2:00PM,Sunny,19500,5,9.8,12,J. Dela Cruz,
44,Cluster 4 (Apopong-Sinawal),2026-03-02,Monday,2:00PM-3:00PM,Stormy,19500,5,9.8,6,J. Dela Cruz,
45,Cluster 4 (Apopong-Sinawal),2026-03-02,Monday,3:00PM-4:00PM,Sunny,19500,5,9.8,12,J. Dela Cruz,
46,Cluster 4 (Apopong-Sinawal),2026-03-02,Monday,4:00PM-5:00PM,Sunny,19500,5,9.8,16,J. Dela Cruz,
47,Cluster 4 (Apopong-Sinawal),2026-03-02,Monday,5:00PM-6:00PM,Rainy,19500,5,9.8,14,J. Dela Cruz,
48,Cluster 4 (Apopong-Sinawal),2026-03-02,Monday,6:00PM-7:00PM,Sunny,19500,5,9.8,18,J. Dela Cruz,
49,Cluster 5 (Tambler-Siguel),2026-03-02,Monday,7:00AM-8:00AM,Stormy,15200,4,12.5,7,J. Dela Cruz,
50,Cluster 5 (Tambler-Siguel),2026-03-02,Monday,8:00AM-9:00AM,Stormy,15200,4,12.5,8,J. Dela Cruz,
51,Cluster 5 (Tambler-Siguel),2026-03-02,Monday,9:00AM-10:00AM,Sunny,15200,4,12.5,12,J. Dela Cruz,
52,Cluster 5 (Tambler-Siguel),2026-03-02,Monday,10:00AM-11:00AM,Windy,15200,4,12.5,9,J. Dela Cruz,
53,Cluster 5 (Tambler-Siguel),2026-03-02,Monday,11:00AM-12:00PM,Sunny,15200,4,12.5,9,J. Dela Cruz,
54,Cluster 5 (Tambler-Siguel),2026-03-02,Monday,12:00PM-1:00PM,Sunny,15200,4,12.5,10,J. Dela Cruz,
55,Cluster 5 (Tambler-Siguel),2026-03-02,Monday,1:00PM-2:00PM,Sunny,15200,4,12.5,10,J. Dela Cruz,
56,Cluster 5 (Tambler-Siguel),2026-03-02,Monday,2:00PM-3:00PM,Rainy,15200,4,12.5,6,J. Dela Cruz,
57,Cluster 5 (Tambler-Siguel),2026-03-02,Monday,3:00PM-4:00PM,Sunny,15200,4,12.5,9,J. Dela Cruz,
58,Cluster 5 (Tambler-Siguel),2026-03-02,Monday,4:00PM-5:00PM,Rainy,15200,4,12.5,9,J. Dela Cruz,
59,Cluster 5 (Tambler-Siguel),2026-03-02,Monday,5:00PM-6:00PM,Sunny,15200,4,12.5,14,J. Dela Cruz,
60,Cluster 5 (Tambler-Siguel),2026-03-02,Monday,6:00PM-7:00PM,Windy,15200,4,12.5,12,J. Dela Cruz,
61,Cluster 6 (Fatima-San Isidro),2026-03-02,Monday,7:00AM-8:00AM,Rainy,22800,6,7.3,18,J. Dela Cruz,
62,Cluster 6 (Fatima-San Isidro),2026-03-02,Monday,8:00AM-9:00AM,Rainy,22800,6,7.3,19,J. Dela Cruz,
63,Cluster 6 (Fatima-San Isidro),2026-03-02,Monday,9:00AM-10:00AM,Sunny,22800,6,7.3,20,J. Dela Cruz,
64,Cluster 6 (Fatima-San Isidro),2026-03-02,Monday,10:00AM-11:00AM,Sunny,22800,6,7.3,18,J. Dela Cruz,
65,Cluster 6 (Fatima-San Isidro),2026-03-02,Monday,11:00AM-12:00PM,Rainy,22800,6,7.3,13,J. Dela Cruz,
66,Cluster 6 (Fatima-San Isidro),2026-03-02,Monday,12:00PM-1:00PM,Sunny,22800,6,7.3,16,J. Dela Cruz,
67,Cluster 6 (Fatima-San Isidro),2026-03-02,Monday,1:00PM-2:00PM,Rainy,22800,6,7.3,14,J. Dela Cruz,
68,Cluster 6 (Fatima-San Isidro),2026-03-02,Monday,2:00PM-3:00PM,Sunny,22800,6,7.3,16,J. Dela Cruz,
69,Cluster 6 (Fatima-San Isidro),2026-03-02,Monday,3:00PM-4:00PM,Sunny,22800,6,7.3,18,J. Dela Cruz,
70,Cluster 6 (Fatima-San Isidro),2026-03-02,Monday,4:00PM-5:00PM,Rainy,22800,6,7.3,14,J. Dela Cruz,
71,Cluster 6 (Fatima-San Isidro),2026-03-02,Monday,5:00PM-6:00PM,Sunny,22800,6,7.3,25,J. Dela Cruz,
72,Cluster 6 (Fatima-San Isidro),2026-03-02,Monday,6:00PM-7:00PM,Sunny,22800,6,7.3,25,J. Dela Cruz,
73,Cluster 1 (Lagao-City Heights),2026-03-03,Tuesday,7:00AM-8:00AM,Sunny,42000,11,6.5,43,J. Dela Cruz,
74,Cluster 1 (Lagao-City Heights),2026-03-03,Tuesday,8:00AM-9:00AM,Sunny,42000,11,6.5,50,J. Dela Cruz,
75,Cluster 1 (Lagao-City Heights),2026-03-03,Tuesday,9:00AM-10:00AM,Sunny,42000,11,6.5,37,J. Dela Cruz,
76,Cluster 1 (Lagao-City Heights),2026-03-03,Tuesday,10:00AM-11:00AM,Stormy,42000,11,6.5,16,J. Dela Cruz,
77,Cluster 1 (Lagao-City Heights),2026-03-03,Tuesday,11:00AM-12:00PM,Sunny,42000,11,6.5,30,J. Dela Cruz,
78,Cluster 1 (Lagao-City Heights),2026-03-03,Tuesday,12:00PM-1:00PM,Sunny,42000,11,6.5,32,J. Dela Cruz,
79,Cluster 1 (Lagao-City Heights),2026-03-03,Tuesday,1:00PM-2:00PM,Sunny,42000,11,6.5,32,J. Dela Cruz,
80,Cluster 1 (Lagao-City Heights),2026-03-03,Tuesday,2:00PM-3:00PM,Sunny,42000,11,6.5,28,J. Dela Cruz,
81,Cluster 1 (Lagao-City Heights),2026-03-03,Tuesday,3:00PM-4:00PM,Sunny,42000,11,6.5,32,J. Dela Cruz,
82,Cluster 1 (Lagao-City Heights),2026-03-03,Tuesday,4:00PM-5:00PM,Sunny,42000,11,6.5,40,J. Dela Cruz,
83,Cluster 1 (Lagao-City Heights),2026-03-03,Tuesday,5:00PM-6:00PM,Rainy,42000,11,6.5,31,J. Dela Cruz,
84,Cluster 1 (Lagao-City Heights),2026-03-03,Tuesday,6:00PM-7:00PM,Sunny,42000,11,6.5,45,J. Dela Cruz,
85,Cluster 2 (Calumpang-Bula),2026-03-03,Tuesday,7:00AM-8:00AM,Sunny,28500,7,4.0,30,J. Dela Cruz,
86,Cluster 2 (Calumpang-Bula),2026-03-03,Tuesday,8:00AM-9:00AM,Stormy,28500,7,4.0,17,J. Dela Cruz,
87,Cluster 2 (Calumpang-Bula),2026-03-03,Tuesday,9:00AM-10:00AM,Sunny,28500,7,4.0,28,J. Dela Cruz,
88,Cluster 2 (Calumpang-Bula),2026-03-03,Tuesday,10:00AM-11:00AM,Rainy,28500,7,4.0,16,J. Dela Cruz,
89,Cluster 2 (Calumpang-Bula),2026-03-03,Tuesday,11:00AM-12:00PM,Sunny,28500,7,4.0,21,J. Dela Cruz,
90,Cluster 2 (Calumpang-Bula),2026-03-03,Tuesday,12:00PM-1:00PM,Sunny,28500,7,4.0,23,J. Dela Cruz,
91,Cluster 2 (Calumpang-Bula),2026-03-03,Tuesday,1:00PM-2:00PM,Windy,28500,7,4.0,22,J. Dela Cruz,
92,Cluster 2 (Calumpang-Bula),2026-03-03,Tuesday,2:00PM-3:00PM,Stormy,28500,7,4.0,10,J. Dela Cruz,
93,Cluster 2 (Calumpang-Bula),2026-03-03,Tuesday,3:00PM-4:00PM,Sunny,28500,7,4.0,21,J. Dela Cruz,
94,Cluster 2 (Calumpang-Bula),2026-03-03,Tuesday,4:00PM-5:00PM,Rainy,28500,7,4.0,18,J. Dela Cruz,
95,Cluster 2 (Calumpang-Bula),2026-03-03,Tuesday,5:00PM-6:00PM,Sunny,28500,7,4.0,32,J. Dela Cruz,
96,Cluster 2 (Calumpang-Bula),2026-03-03,Tuesday,6:00PM-7:00PM,Sunny,28500,7,4.0,29,J. Dela Cruz,
97,Cluster 3 (Dadiangas Central),2026-03-03,Tuesday,7:00AM-8:00AM,Sunny,35000,12,1.2,58,J. Dela Cruz,
98,Cluster 3 (Dadiangas Central),2026-03-03,Tuesday,8:00AM-9:00AM,Sunny,35000,12,1.2,60,J. Dela Cruz,
99,Cluster 3 (Dadiangas Central),2026-03-03,Tuesday,9:00AM-10:00AM,Windy,35000,12,1.2,39,J. Dela Cruz,
100,Cluster 3 (Dadiangas Central),2026-03-03,Tuesday,10:00AM-11:00AM,Stormy,35000,12,1.2,20,J. Dela Cruz,
101,Cluster 3 (Dadiangas Central),2026-03-03,Tuesday,11:00AM-12:00PM,Stormy,35000,12,1.2,19,J. Dela Cruz,
102,Cluster 3 (Dadiangas Central),2026-03-03,Tuesday,12:00PM-1:00PM,Rainy,35000,12,1.2,27,J. Dela Cruz,
103,Cluster 3 (Dadiangas Central),2026-03-03,Tuesday,1:00PM-2:00PM,Sunny,35000,12,1.2,35,J. Dela Cruz,
104,Cluster 3 (Dadiangas Central),2026-03-03,Tuesday,2:00PM-3:00PM,Sunny,35000,12,1.2,32,J. Dela Cruz,
105,Cluster 3 (Dadiangas Central),2026-03-03,Tuesday,3:00PM-4:00PM,Sunny,35000,12,1.2,41,J. Dela Cruz,
106,Cluster 3 (Dadiangas Central),2026-03-03,Tuesday,4:00PM-5:00PM,Sunny,35000,12,1.2,46,J. Dela Cruz,
107,Cluster 3 (Dadiangas Central),2026-03-03,Tuesday,5:00PM-6:00PM,Sunny,35000,12,1.2,53,J. Dela Cruz,
108,Cluster 3 (Dadiangas Central),2026-03-03,Tuesday,6:00PM-7:00PM,Stormy,35000,12,1.2,28,J. Dela Cruz,
109,Cluster 4 (Apopong-Sinawal),2026-03-03,Tuesday,7:00AM-8:00AM,Windy,19500,5,9.8,19,J. Dela Cruz,
110,Cluster 4 (Apopong-Sinawal),2026-03-03,Tuesday,8:00AM-9:00AM,Sunny,19500,5,9.8,19,J. Dela Cruz,
111,Cluster 4 (Apopong-Sinawal),2026-03-03,Tuesday,9:00AM-10:00AM,Stormy,19500,5,9.8,8,J. Dela Cruz,
112,Cluster 4 (Apopong-Sinawal),2026-03-03,Tuesday,10:00AM-11:00AM,Sunny,19500,5,9.8,14,J. Dela Cruz,
113,Cluster 4 (Apopong-Sinawal),2026-03-03,Tuesday,11:00AM-12:00PM,Sunny,19500,5,9.8,13,J. Dela Cruz,
114,Cluster 4 (Apopong-Sinawal),2026-03-03,Tuesday,12:00PM-1:00PM,Sunny,19500,5,9.8,15,J. Dela Cruz,
115,Cluster 4 (Apopong-Sinawal),2026-03-03,Tuesday,1:00PM-2:00PM,Sunny,19500,5,9.8,14,J. Dela Cruz,
116,Cluster 4 (Apopong-Sinawal),2026-03-03,Tuesday,2:00PM-3:00PM,Sunny,19500,5,9.8,12,J. Dela Cruz,
117,Cluster 4 (Apopong-Sinawal),2026-03-03,Tuesday,3:00PM-4:00PM,Windy,19500,5,9.8,13,J. Dela Cruz,
118,Cluster 4 (Apopong-Sinawal),2026-03-03,Tuesday,4:00PM-5:00PM,Sunny,19500,5,9.8,14,J. Dela Cruz,
119,Cluster 4 (Apopong-Sinawal),2026-03-03,Tuesday,5:00PM-6:00PM,Rainy,19500,5,9.8,13,J. Dela Cruz,
120,Cluster 4 (Apopong-Sinawal),2026-03-03,Tuesday,6:00PM-7:00PM,Windy,19500,5,9.8,18,J. Dela Cruz,
121,Cluster 5 (Tambler-Siguel),2026-03-03,Tuesday,7:00AM-8:00AM,Sunny,15200,4,12.5,14,J. Dela Cruz,
122,Cluster 5 (Tambler-Siguel),2026-03-03,Tuesday,8:00AM-9:00AM,Sunny,15200,4,12.5,15,J. Dela Cruz,
123,Cluster 5 (Tambler-Siguel),2026-03-03,Tuesday,9:00AM-10:00AM,Sunny,15200,4,12.5,12,J. Dela Cruz,
124,Cluster 5 (Tambler-Siguel),2026-03-03,Tuesday,10:00AM-11:00AM,Sunny,15200,4,12.5,9,J. Dela Cruz,
125,Cluster 5 (Tambler-Siguel),2026-03-03,Tuesday,11:00AM-12:00PM,Windy,15200,4,12.5,8,J. Dela Cruz,
126,Cluster 5 (Tambler-Siguel),2026-03-03,Tuesday,12:00PM-1:00PM,Sunny,15200,4,12.5,10,J. Dela Cruz,
127,Cluster 5 (Tambler-Siguel),2026-03-03,Tuesday,1:00PM-2:00PM,Sunny,15200,4,12.5,9,J. Dela Cruz,
128,Cluster 5 (Tambler-Siguel),2026-03-03,Tuesday,2:00PM-3:00PM,Stormy,15200,4,12.5,5,J. Dela Cruz,
129,Cluster 5 (Tambler-Siguel),2026-03-03,Tuesday,3:00PM-4:00PM,Sunny,15200,4,12.5,9,J. Dela Cruz,
130,Cluster 5 (Tambler-Siguel),2026-03-03,Tuesday,4:00PM-5:00PM,Sunny,15200,4,12.5,12,J. Dela Cruz,
131,Cluster 5 (Tambler-Siguel),2026-03-03,Tuesday,5:00PM-6:00PM,Rainy,15200,4,12.5,11,J. Dela Cruz,
132,Cluster 5 (Tambler-Siguel),2026-03-03,Tuesday,6:00PM-7:00PM,Sunny,15200,4,12.5,12,J. Dela Cruz,
133,Cluster 6 (Fatima-San Isidro),2026-03-03,Tuesday,7:00AM-8:00AM,Rainy,22800,6,7.3,19,J. Dela Cruz,
134,Cluster 6 (Fatima-San Isidro),2026-03-03,Tuesday,8:00AM-9:00AM,Windy,22800,6,7.3,26,J. Dela Cruz,
135,Cluster 6 (Fatima-San Isidro),2026-03-03,Tuesday,9:00AM-10:00AM,Windy,22800,6,7.3,18,J. Dela Cruz,
136,Cluster 6 (Fatima-San Isidro),2026-03-03,Tuesday,10:00AM-11:00AM,Rainy,22800,6,7.3,12,J. Dela Cruz,
137,Cluster 6 (Fatima-San Isidro),2026-03-03,Tuesday,11:00AM-12:00PM,Windy,22800,6,7.3,16,J. Dela Cruz,
138,Cluster 6 (Fatima-San Isidro),2026-03-03,Tuesday,12:00PM-1:00PM,Sunny,22800,6,7.3,16,J. Dela Cruz,
139,Cluster 6 (Fatima-San Isidro),2026-03-03,Tuesday,1:00PM-2:00PM,Sunny,22800,6,7.3,17,J. Dela Cruz,
140,Cluster 6 (Fatima-San Isidro),2026-03-03,Tuesday,2:00PM-3:00PM,Sunny,22800,6,7.3,16,J. Dela Cruz,
141,Cluster 6 (Fatima-San Isidro),2026-03-03,Tuesday,3:00PM-4:00PM,Windy,22800,6,7.3,15,J. Dela Cruz,
142,Cluster 6 (Fatima-San Isidro),2026-03-03,Tuesday,4:00PM-5:00PM,Windy,22800,6,7.3,18,J. Dela Cruz,
143,Cluster 6 (Fatima-San Isidro),2026-03-03,Tuesday,5:00PM-6:00PM,Sunny,22800,6,7.3,26,J. Dela Cruz,
144,Cluster 6 (Fatima-San Isidro),2026-03-03,Tuesday,6:00PM-7:00PM,Rainy,22800,6,7.3,16,J. Dela Cruz,
145,Cluster 1 (Lagao-City Heights),2026-03-04,Wednesday,7:00AM-8:00AM,Sunny,42000,11,6.5,44,J. Dela Cruz,
146,Cluster 1 (Lagao-City Heights),2026-03-04,Wednesday,8:00AM-9:00AM,Sunny,42000,11,6.5,50,J. Dela Cruz,
147,Cluster 1 (Lagao-City Heights),2026-03-04,Wednesday,9:00AM-10:00AM,Windy,42000,11,6.5,35,J. Dela Cruz,
148,Cluster 1 (Lagao-City Heights),2026-03-04,Wednesday,10:00AM-11:00AM,Windy,42000,11,6.5,30,J. Dela Cruz,
149,Cluster 1 (Lagao-City Heights),2026-03-04,Wednesday,11:00AM-12:00PM,Sunny,42000,11,6.5,27,J. Dela Cruz,
150,Cluster 1 (Lagao-City Heights),2026-03-04,Wednesday,12:00PM-1:00PM,Sunny,42000,11,6.5,36,J. Dela Cruz,
151,Cluster 1 (Lagao-City Heights),2026-03-04,Wednesday,1:00PM-2:00PM,Rainy,42000,11,6.5,24,J. Dela Cruz,
152,Cluster 1 (Lagao-City Heights),2026-03-04,Wednesday,2:00PM-3:00PM,Rainy,42000,11,6.5,23,J. Dela Cruz,
153,Cluster 1 (Lagao-City Heights),2026-03-04,Wednesday,3:00PM-4:00PM,Sunny,42000,11,6.5,29,J. Dela Cruz,
154,Cluster 1 (Lagao-City Heights),2026-03-04,Wednesday,4:00PM-5:00PM,Sunny,42000,11,6.5,40,J. Dela Cruz,
155,Cluster 1 (Lagao-City Heights),2026-03-04,Wednesday,5:00PM-6:00PM,Rainy,42000,11,6.5,37,J. Dela Cruz,
156,Cluster 1 (Lagao-City Heights),2026-03-04,Wednesday,6:00PM-7:00PM,Rainy,42000,11,6.5,31,J. Dela Cruz,
157,Cluster 2 (Calumpang-Bula),2026-03-04,Wednesday,7:00AM-8:00AM,Sunny,28500,7,4.0,29,J. Dela Cruz,
158,Cluster 2 (Calumpang-Bula),2026-03-04,Wednesday,8:00AM-9:00AM,Rainy,28500,7,4.0,27,J. Dela Cruz,
159,Cluster 2 (Calumpang-Bula),2026-03-04,Wednesday,9:00AM-10:00AM,Sunny,28500,7,4.0,28,J. Dela Cruz,
160,Cluster 2 (Calumpang-Bula),2026-03-04,Wednesday,10:00AM-11:00AM,Sunny,28500,7,4.0,24,J. Dela Cruz,
161,Cluster 2 (Calumpang-Bula),2026-03-04,Wednesday,11:00AM-12:00PM,Rainy,28500,7,4.0,17,J. Dela Cruz,
162,Cluster 2 (Calumpang-Bula),2026-03-04,Wednesday,12:00PM-1:00PM,Rainy,28500,7,4.0,19,J. Dela Cruz,
163,Cluster 2 (Calumpang-Bula),2026-03-04,Wednesday,1:00PM-2:00PM,Sunny,28500,7,4.0,23,J. Dela Cruz,
164,Cluster 2 (Calumpang-Bula),2026-03-04,Wednesday,2:00PM-3:00PM,Sunny,28500,7,4.0,23,J. Dela Cruz,
165,Cluster 2 (Calumpang-Bula),2026-03-04,Wednesday,3:00PM-4:00PM,Rainy,28500,7,4.0,18,J. Dela Cruz,
166,Cluster 2 (Calumpang-Bula),2026-03-04,Wednesday,4:00PM-5:00PM,Rainy,28500,7,4.0,18,J. Dela Cruz,
167,Cluster 2 (Calumpang-Bula),2026-03-04,Wednesday,5:00PM-6:00PM,Rainy,28500,7,4.0,22,J. Dela Cruz,
168,Cluster 2 (Calumpang-Bula),2026-03-04,Wednesday,6:00PM-7:00PM,Rainy,28500,7,4.0,25,J. Dela Cruz,
169,Cluster 3 (Dadiangas Central),2026-03-04,Wednesday,7:00AM-8:00AM,Sunny,35000,12,1.2,57,J. Dela Cruz,
170,Cluster 3 (Dadiangas Central),2026-03-04,Wednesday,8:00AM-9:00AM,Sunny,35000,12,1.2,53,J. Dela Cruz,
171,Cluster 3 (Dadiangas Central),2026-03-04,Wednesday,9:00AM-10:00AM,Rainy,35000,12,1.2,32,J. Dela Cruz,
172,Cluster 3 (Dadiangas Central),2026-03-04,Wednesday,10:00AM-11:00AM,Sunny,35000,12,1.2,35,J. Dela Cruz,
173,Cluster 3 (Dadiangas Central),2026-03-04,Wednesday,11:00AM-12:00PM,Sunny,35000,12,1.2,38,J. Dela Cruz,
174,Cluster 3 (Dadiangas Central),2026-03-04,Wednesday,12:00PM-1:00PM,Stormy,35000,12,1.2,19,J. Dela Cruz,
175,Cluster 3 (Dadiangas Central),2026-03-04,Wednesday,1:00PM-2:00PM,Windy,35000,12,1.2,35,J. Dela Cruz,
176,Cluster 3 (Dadiangas Central),2026-03-04,Wednesday,2:00PM-3:00PM,Stormy,35000,12,1.2,18,J. Dela Cruz,
177,Cluster 3 (Dadiangas Central),2026-03-04,Wednesday,3:00PM-4:00PM,Stormy,35000,12,1.2,17,J. Dela Cruz,
178,Cluster 3 (Dadiangas Central),2026-03-04,Wednesday,4:00PM-5:00PM,Stormy,35000,12,1.2,20,J. Dela Cruz,
179,Cluster 3 (Dadiangas Central),2026-03-04,Wednesday,5:00PM-6:00PM,Stormy,35000,12,1.2,26,J. Dela Cruz,
180,Cluster 3 (Dadiangas Central),2026-03-04,Wednesday,6:00PM-7:00PM,Sunny,35000,12,1.2,51,J. Dela Cruz,
181,Cluster 4 (Apopong-Sinawal),2026-03-04,Wednesday,7:00AM-8:00AM,Windy,19500,5,9.8,17,J. Dela Cruz,
182,Cluster 4 (Apopong-Sinawal),2026-03-04,Wednesday,8:00AM-9:00AM,Windy,19500,5,9.8,19,J. Dela Cruz,
183,Cluster 4 (Apopong-Sinawal),2026-03-04,Wednesday,9:00AM-10:00AM,Sunny,19500,5,9.8,16,J. Dela Cruz,
184,Cluster 4 (Apopong-Sinawal),2026-03-04,Wednesday,10:00AM-11:00AM,Sunny,19500,5,9.8,14,J. Dela Cruz,
185,Cluster 4 (Apopong-Sinawal),2026-03-04,Wednesday,11:00AM-12:00PM,Sunny,19500,5,9.8,13,J. Dela Cruz,
186,Cluster 4 (Apopong-Sinawal),2026-03-04,Wednesday,12:00PM-1:00PM,Sunny,19500,5,9.8,14,J. Dela Cruz,
187,Cluster 4 (Apopong-Sinawal),2026-03-04,Wednesday,1:00PM-2:00PM,Windy,19500,5,9.8,13,J. Dela Cruz,
188,Cluster 4 (Apopong-Sinawal),2026-03-04,Wednesday,2:00PM-3:00PM,Sunny,19500,5,9.8,11,J. Dela Cruz,
189,Cluster 4 (Apopong-Sinawal),2026-03-04,Wednesday,3:00PM-4:00PM,Windy,19500,5,9.8,12,J. Dela Cruz,
190,Cluster 4 (Apopong-Sinawal),2026-03-04,Wednesday,4:00PM-5:00PM,Sunny,19500,5,9.8,16,J. Dela Cruz,
191,Cluster 4 (Apopong-Sinawal),2026-03-04,Wednesday,5:00PM-6:00PM,Windy,19500,5,9.8,17,J. Dela Cruz,
192,Cluster 4 (Apopong-Sinawal),2026-03-04,Wednesday,6:00PM-7:00PM,Sunny,19500,5,9.8,18,J. Dela Cruz,
193,Cluster 5 (Tambler-Siguel),2026-03-04,Wednesday,7:00AM-8:00AM,Sunny,15200,4,12.5,13,J. Dela Cruz,
194,Cluster 5 (Tambler-Siguel),2026-03-04,Wednesday,8:00AM-9:00AM,Sunny,15200,4,12.5,14,J. Dela Cruz,
195,Cluster 5 (Tambler-Siguel),2026-03-04,Wednesday,9:00AM-10:00AM,Stormy,15200,4,12.5,6,J. Dela Cruz,
196,Cluster 5 (Tambler-Siguel),2026-03-04,Wednesday,10:00AM-11:00AM,Rainy,15200,4,12.5,7,J. Dela Cruz,
197,Cluster 5 (Tambler-Siguel),2026-03-04,Wednesday,11:00AM-12:00PM,Sunny,15200,4,12.5,9,J. Dela Cruz,
198,Cluster 5 (Tambler-Siguel),2026-03-04,Wednesday,12:00PM-1:00PM,Sunny,15200,4,12.5,10,J. Dela Cruz,
199,Cluster 5 (Tambler-Siguel),2026-03-04,Wednesday,1:00PM-2:00PM,Sunny,15200,4,12.5,10,J. Dela Cruz,
200,Cluster 5 (Tambler-Siguel),2026-03-04,Wednesday,2:00PM-3:00PM,Windy,15200,4,12.5,8,J. Dela Cruz,
201,Cluster 5 (Tambler-Siguel),2026-03-04,Wednesday,3:00PM-4:00PM,Sunny,15200,4,12.5,9,J. Dela Cruz,
202,Cluster 5 (Tambler-Siguel),2026-03-04,Wednesday,4:00PM-5:00PM,Sunny,15200,4,12.5,12,J. Dela Cruz,
203,Cluster 5 (Tambler-Siguel),2026-03-04,Wednesday,5:00PM-6:00PM,Rainy,15200,4,12.5,10,J. Dela Cruz,
204,Cluster 5 (Tambler-Siguel),2026-03-04,Wednesday,6:00PM-7:00PM,Sunny,15200,4,12.5,13,J. Dela Cruz,
205,Cluster 6 (Fatima-San Isidro),2026-03-04,Wednesday,7:00AM-8:00AM,Windy,22800,6,7.3,22,J. Dela Cruz,
206,Cluster 6 (Fatima-San Isidro),2026-03-04,Wednesday,8:00AM-9:00AM,Rainy,22800,6,7.3,20,J. Dela Cruz,
207,Cluster 6 (Fatima-San Isidro),2026-03-04,Wednesday,9:00AM-10:00AM,Windy,22800,6,7.3,18,J. Dela Cruz,
208,Cluster 6 (Fatima-San Isidro),2026-03-04,Wednesday,10:00AM-11:00AM,Sunny,22800,6,7.3,15,J. Dela Cruz,
209,Cluster 6 (Fatima-San Isidro),2026-03-04,Wednesday,11:00AM-12:00PM,Sunny,22800,6,7.3,16,J. Dela Cruz,
210,Cluster 6 (Fatima-San Isidro),2026-03-04,Wednesday,12:00PM-1:00PM,Rainy,22800,6,7.3,12,J. Dela Cruz,
211,Cluster 6 (Fatima-San Isidro),2026-03-04,Wednesday,1:00PM-2:00PM,Sunny,22800,6,7.3,17,J. Dela Cruz,
212,Cluster 6 (Fatima-San Isidro),2026-03-04,Wednesday,2:00PM-3:00PM,Sunny,22800,6,7.3,16,J. Dela Cruz,
213,Cluster 6 (Fatima-San Isidro),2026-03-04,Wednesday,3:00PM-4:00PM,Sunny,22800,6,7.3,16,J. Dela Cruz,
214,Cluster 6 (Fatima-San Isidro),2026-03-04,Wednesday,4:00PM-5:00PM,Windy,22800,6,7.3,17,J. Dela Cruz,
215,Cluster 6 (Fatima-San Isidro),2026-03-04,Wednesday,5:00PM-6:00PM,Rainy,22800,6,7.3,19,J. Dela Cruz,
216,Cluster 6 (Fatima-San Isidro),2026-03-04,Wednesday,6:00PM-7:00PM,Sunny,22800,6,7.3,23,J. Dela Cruz,
217,Cluster 1 (Lagao-City Heights),2026-03-05,Thursday,7:00AM-8:00AM,Sunny,42000,11,6.5,50,J. Dela Cruz,
218,Cluster 1 (Lagao-City Heights),2026-03-05,Thursday,8:00AM-9:00AM,Sunny,42000,11,6.5,43,J. Dela Cruz,
219,Cluster 1 (Lagao-City Heights),2026-03-05,Thursday,9:00AM-10:00AM,Sunny,42000,11,6.5,41,J. Dela Cruz,
220,Cluster 1 (Lagao-City Heights),2026-03-05,Thursday,10:00AM-11:00AM,Sunny,42000,11,6.5,34,J. Dela Cruz,
221,Cluster 1 (Lagao-City Heights),2026-03-05,Thursday,11:00AM-12:00PM,Windy,42000,11,6.5,31,J. Dela Cruz,
222,Cluster 1 (Lagao-City Heights),2026-03-05,Thursday,12:00PM-1:00PM,Windy,42000,11,6.5,35,J. Dela Cruz,
223,Cluster 1 (Lagao-City Heights),2026-03-05,Thursday,1:00PM-2:00PM,Rainy,42000,11,6.5,24,J. Dela Cruz,
224,Cluster 1 (Lagao-City Heights),2026-03-05,Thursday,2:00PM-3:00PM,Windy,42000,11,6.5,28,J. Dela Cruz,
225,Cluster 1 (Lagao-City Heights),2026-03-05,Thursday,3:00PM-4:00PM,Rainy,42000,11,6.5,24,J. Dela Cruz,
226,Cluster 1 (Lagao-City Heights),2026-03-05,Thursday,4:00PM-5:00PM,Rainy,42000,11,6.5,29,J. Dela Cruz,
227,Cluster 1 (Lagao-City Heights),2026-03-05,Thursday,5:00PM-6:00PM,Sunny,42000,11,6.5,43,J. Dela Cruz,
228,Cluster 1 (Lagao-City Heights),2026-03-05,Thursday,6:00PM-7:00PM,Sunny,42000,11,6.5,45,J. Dela Cruz,
229,Cluster 2 (Calumpang-Bula),2026-03-05,Thursday,7:00AM-8:00AM,Rainy,28500,7,4.0,24,J. Dela Cruz,
230,Cluster 2 (Calumpang-Bula),2026-03-05,Thursday,8:00AM-9:00AM,Windy,28500,7,4.0,30,J. Dela Cruz,
231,Cluster 2 (Calumpang-Bula),2026-03-05,Thursday,9:00AM-10:00AM,Sunny,28500,7,4.0,26,J. Dela Cruz,
232,Cluster 2 (Calumpang-Bula),2026-03-05,Thursday,10:00AM-11:00AM,Sunny,28500,7,4.0,21,J. Dela Cruz,
233,Cluster 2 (Calumpang-Bula),2026-03-05,Thursday,11:00AM-12:00PM,Sunny,28500,7,4.0,19,J. Dela Cruz,
234,Cluster 2 (Calumpang-Bula),2026-03-05,Thursday,12:00PM-1:00PM,Sunny,28500,7,4.0,24,J. Dela Cruz,
235,Cluster 2 (Calumpang-Bula),2026-03-05,Thursday,1:00PM-2:00PM,Windy,28500,7,4.0,19,J. Dela Cruz,
236,Cluster 2 (Calumpang-Bula),2026-03-05,Thursday,2:00PM-3:00PM,Sunny,28500,7,4.0,21,J. Dela Cruz,
237,Cluster 2 (Calumpang-Bula),2026-03-05,Thursday,3:00PM-4:00PM,Sunny,28500,7,4.0,21,J. Dela Cruz,
238,Cluster 2 (Calumpang-Bula),2026-03-05,Thursday,4:00PM-5:00PM,Sunny,28500,7,4.0,28,J. Dela Cruz,
239,Cluster 2 (Calumpang-Bula),2026-03-05,Thursday,5:00PM-6:00PM,Windy,28500,7,4.0,31,J. Dela Cruz,
240,Cluster 2 (Calumpang-Bula),2026-03-05,Thursday,6:00PM-7:00PM,Rainy,28500,7,4.0,24,J. Dela Cruz,
241,Cluster 3 (Dadiangas Central),2026-03-05,Thursday,7:00AM-8:00AM,Sunny,35000,12,1.2,48,J. Dela Cruz,
242,Cluster 3 (Dadiangas Central),2026-03-05,Thursday,8:00AM-9:00AM,Sunny,35000,12,1.2,58,J. Dela Cruz,
243,Cluster 3 (Dadiangas Central),2026-03-05,Thursday,9:00AM-10:00AM,Rainy,35000,12,1.2,37,J. Dela Cruz,
244,Cluster 3 (Dadiangas Central),2026-03-05,Thursday,10:00AM-11:00AM,Sunny,35000,12,1.2,39,J. Dela Cruz,
245,Cluster 3 (Dadiangas Central),2026-03-05,Thursday,11:00AM-12:00PM,Sunny,35000,12,1.2,36,J. Dela Cruz,
246,Cluster 3 (Dadiangas Central),2026-03-05,Thursday,12:00PM-1:00PM,Sunny,35000,12,1.2,37,J. Dela Cruz,
247,Cluster 3 (Dadiangas Central),2026-03-05,Thursday,1:00PM-2:00PM,Sunny,35000,12,1.2,34,J. Dela Cruz,
248,Cluster 3 (Dadiangas Central),2026-03-05,Thursday,2:00PM-3:00PM,Sunny,35000,12,1.2,36,J. Dela Cruz,
249,Cluster 3 (Dadiangas Central),2026-03-05,Thursday,3:00PM-4:00PM,Sunny,35000,12,1.2,35,J. Dela Cruz,
250,Cluster 3 (Dadiangas Central),2026-03-05,Thursday,4:00PM-5:00PM,Sunny,35000,12,1.2,40,J. Dela Cruz,
251,Cluster 3 (Dadiangas Central),2026-03-05,Thursday,5:00PM-6:00PM,Windy,35000,12,1.2,46,J. Dela Cruz,
252,Cluster 3 (Dadiangas Central),2026-03-05,Thursday,6:00PM-7:00PM,Sunny,35000,12,1.2,52,J. Dela Cruz,
253,Cluster 4 (Apopong-Sinawal),2026-03-05,Thursday,7:00AM-8:00AM,Sunny,19500,5,9.8,19,J. Dela Cruz,
254,Cluster 4 (Apopong-Sinawal),2026-03-05,Thursday,8:00AM-9:00AM,Sunny,19500,5,9.8,19,J. Dela Cruz,
255,Cluster 4 (Apopong-Sinawal),2026-03-05,Thursday,9:00AM-10:00AM,Sunny,19500,5,9.8,16,J. Dela Cruz,
256,Cluster 4 (Apopong-Sinawal),2026-03-05,Thursday,10:00AM-11:00AM,Sunny,19500,5,9.8,13,J. Dela Cruz,
257,Cluster 4 (Apopong-Sinawal),2026-03-05,Thursday,11:00AM-12:00PM,Rainy,19500,5,9.8,9,J. Dela Cruz,
258,Cluster 4 (Apopong-Sinawal),2026-03-05,Thursday,12:00PM-1:00PM,Rainy,19500,5,9.8,11,J. Dela Cruz,
259,Cluster 4 (Apopong-Sinawal),2026-03-05,Thursday,1:00PM-2:00PM,Sunny,19500,5,9.8,12,J. Dela Cruz,
260,Cluster 4 (Apopong-Sinawal),2026-03-05,Thursday,2:00PM-3:00PM,Sunny,19500,5,9.8,12,J. Dela Cruz,
261,Cluster 4 (Apopong-Sinawal),2026-03-05,Thursday,3:00PM-4:00PM,Stormy,19500,5,9.8,6,J. Dela Cruz,
262,Cluster 4 (Apopong-Sinawal),2026-03-05,Thursday,4:00PM-5:00PM,Windy,19500,5,9.8,15,J. Dela Cruz,
263,Cluster 4 (Apopong-Sinawal),2026-03-05,Thursday,5:00PM-6:00PM,Windy,19500,5,9.8,19,J. Dela Cruz,
264,Cluster 4 (Apopong-Sinawal),2026-03-05,Thursday,6:00PM-7:00PM,Stormy,19500,5,9.8,9,J. Dela Cruz,
265,Cluster 5 (Tambler-Siguel),2026-03-05,Thursday,7:00AM-8:00AM,Sunny,15200,4,12.5,13,J. Dela Cruz,
266,Cluster 5 (Tambler-Siguel),2026-03-05,Thursday,8:00AM-9:00AM,Sunny,15200,4,12.5,15,J. Dela Cruz,
267,Cluster 5 (Tambler-Siguel),2026-03-05,Thursday,9:00AM-10:00AM,Windy,15200,4,12.5,10,J. Dela Cruz,
268,Cluster 5 (Tambler-Siguel),2026-03-05,Thursday,10:00AM-11:00AM,Windy,15200,4,12.5,9,J. Dela Cruz,
269,Cluster 5 (Tambler-Siguel),2026-03-05,Thursday,11:00AM-12:00PM,Sunny,15200,4,12.5,9,J. Dela Cruz,
270,Cluster 5 (Tambler-Siguel),2026-03-05,Thursday,12:00PM-1:00PM,Windy,15200,4,12.5,9,J. Dela Cruz,
271,Cluster 5 (Tambler-Siguel),2026-03-05,Thursday,1:00PM-2:00PM,Rainy,15200,4,12.5,8,J. Dela Cruz,
272,Cluster 5 (Tambler-Siguel),2026-03-05,Thursday,2:00PM-3:00PM,Sunny,15200,4,12.5,8,J. Dela Cruz,
273,Cluster 5 (Tambler-Siguel),2026-03-05,Thursday,3:00PM-4:00PM,Sunny,15200,4,12.5,10,J. Dela Cruz,
274,Cluster 5 (Tambler-Siguel),2026-03-05,Thursday,4:00PM-5:00PM,Stormy,15200,4,12.5,5,J. Dela Cruz,
275,Cluster 5 (Tambler-Siguel),2026-03-05,Thursday,5:00PM-6:00PM,Windy,15200,4,12.5,12,J. Dela Cruz,
276,Cluster 5 (Tambler-Siguel),2026-03-05,Thursday,6:00PM-7:00PM,Windy,15200,4,12.5,13,J. Dela Cruz,
277,Cluster 6 (Fatima-San Isidro),2026-03-05,Thursday,7:00AM-8:00AM,Sunny,22800,6,7.3,26,J. Dela Cruz,
278,Cluster 6 (Fatima-San Isidro),2026-03-05,Thursday,8:00AM-9:00AM,Rainy,22800,6,7.3,19,J. Dela Cruz,
279,Cluster 6 (Fatima-San Isidro),2026-03-05,Thursday,9:00AM-10:00AM,Sunny,22800,6,7.3,23,J. Dela Cruz,
280,Cluster 6 (Fatima-San Isidro),2026-03-05,Thursday,10:00AM-11:00AM,Rainy,22800,6,7.3,12,J. Dela Cruz,
281,Cluster 6 (Fatima-San Isidro),2026-03-05,Thursday,11:00AM-12:00PM,Sunny,22800,6,7.3,15,J. Dela Cruz,
282,Cluster 6 (Fatima-San Isidro),2026-03-05,Thursday,12:00PM-1:00PM,Sunny,22800,6,7.3,17,J. Dela Cruz,
283,Cluster 6 (Fatima-San Isidro),2026-03-05,Thursday,1:00PM-2:00PM,Rainy,22800,6,7.3,13,J. Dela Cruz,
284,Cluster 6 (Fatima-San Isidro),2026-03-05,Thursday,2:00PM-3:00PM,Sunny,22800,6,7.3,17,J. Dela Cruz,
285,Cluster 6 (Fatima-San Isidro),2026-03-05,Thursday,3:00PM-4:00PM,Windy,22800,6,7.3,17,J. Dela Cruz,
286,Cluster 6 (Fatima-San Isidro),2026-03-05,Thursday,4:00PM-5:00PM,Windy,22800,6,7.3,18,J. Dela Cruz,
287,Cluster 6 (Fatima-San Isidro),2026-03-05,Thursday,5:00PM-6:00PM,Windy,22800,6,7.3,25,J. Dela Cruz,
288,Cluster 6 (Fatima-San Isidro),2026-03-05,Thursday,6:00PM-7:00PM,Sunny,22800,6,7.3,25,J. Dela Cruz,
289,Cluster 1 (Lagao-City Heights),2026-03-06,Friday,7:00AM-8:00AM,Sunny,42000,11,6.5,46,J. Dela Cruz,
290,Cluster 1 (Lagao-City Heights),2026-03-06,Friday,8:00AM-9:00AM,Sunny,42000,11,6.5,50,J. Dela Cruz,
291,Cluster 1 (Lagao-City Heights),2026-03-06,Friday,9:00AM-10:00AM,Sunny,42000,11,6.5,41,J. Dela Cruz,
292,Cluster 1 (Lagao-City Heights),2026-03-06,Friday,10:00AM-11:00AM,Rainy,42000,11,6.5,22,J. Dela Cruz,
293,Cluster 1 (Lagao-City Heights),2026-03-06,Friday,11:00AM-12:00PM,Rainy,42000,11,6.5,21,J. Dela Cruz,
294,Cluster 1 (Lagao-City Heights),2026-03-06,Friday,12:00PM-1:00PM,Sunny,42000,11,6.5,34,J. Dela Cruz,
295,Cluster 1 (Lagao-City Heights),2026-03-06,Friday,1:00PM-2:00PM,Sunny,42000,11,6.5,29,J. Dela Cruz,
296,Cluster 1 (Lagao-City Heights),2026-03-06,Friday,2:00PM-3:00PM,Rainy,42000,11,6.5,21,J. Dela Cruz,
297,Cluster 1 (Lagao-City Heights),2026-03-06,Friday,3:00PM-4:00PM,Sunny,42000,11,6.5,33,J. Dela Cruz,
298,Cluster 1 (Lagao-City Heights),2026-03-06,Friday,4:00PM-5:00PM,Sunny,42000,11,6.5,40,J. Dela Cruz,
299,Cluster 1 (Lagao-City Heights),2026-03-06,Friday,5:00PM-6:00PM,Windy,42000,11,6.5,41,J. Dela Cruz,
300,Cluster 1 (Lagao-City Heights),2026-03-06,Friday,6:00PM-7:00PM,Sunny,42000,11,6.5,48,J. Dela Cruz,
301,Cluster 2 (Calumpang-Bula),2026-03-06,Friday,7:00AM-8:00AM,Sunny,28500,7,4.0,33,J. Dela Cruz,
302,Cluster 2 (Calumpang-Bula),2026-03-06,Friday,8:00AM-9:00AM,Sunny,28500,7,4.0,35,J. Dela Cruz,
303,Cluster 2 (Calumpang-Bula),2026-03-06,Friday,9:00AM-10:00AM,Windy,28500,7,4.0,26,J. Dela Cruz,
304,Cluster 2 (Calumpang-Bula),2026-03-06,Friday,10:00AM-11:00AM,Sunny,28500,7,4.0,23,J. Dela Cruz,
305,Cluster 2 (Calumpang-Bula),2026-03-06,Friday,11:00AM-12:00PM,Sunny,28500,7,4.0,20,J. Dela Cruz,
306,Cluster 2 (Calumpang-Bula),2026-03-06,Friday,12:00PM-1:00PM,Windy,28500,7,4.0,21,J. Dela Cruz,
307,Cluster 2 (Calumpang-Bula),2026-03-06,Friday,1:00PM-2:00PM,Windy,28500,7,4.0,21,J. Dela Cruz,
308,Cluster 2 (Calumpang-Bula),2026-03-06,Friday,2:00PM-3:00PM,Sunny,28500,7,4.0,21,J. Dela Cruz,
309,Cluster 2 (Calumpang-Bula),2026-03-06,Friday,3:00PM-4:00PM,Windy,28500,7,4.0,20,J. Dela Cruz,
310,Cluster 2 (Calumpang-Bula),2026-03-06,Friday,4:00PM-5:00PM,Windy,28500,7,4.0,23,J. Dela Cruz,
311,Cluster 2 (Calumpang-Bula),2026-03-06,Friday,5:00PM-6:00PM,Sunny,28500,7,4.0,29,J. Dela Cruz,
312,Cluster 2 (Calumpang-Bula),2026-03-06,Friday,6:00PM-7:00PM,Sunny,28500,7,4.0,28,J. Dela Cruz,
313,Cluster 3 (Dadiangas Central),2026-03-06,Friday,7:00AM-8:00AM,Sunny,35000,12,1.2,56,J. Dela Cruz,
314,Cluster 3 (Dadiangas Central),2026-03-06,Friday,8:00AM-9:00AM,Sunny,35000,12,1.2,52,J. Dela Cruz,
315,Cluster 3 (Dadiangas Central),2026-03-06,Friday,9:00AM-10:00AM,Sunny,35000,12,1.2,47,J. Dela Cruz,
316,Cluster 3 (Dadiangas Central),2026-03-06,Friday,10:00AM-11:00AM,Stormy,35000,12,1.2,19,J. Dela Cruz,
317,Cluster 3 (Dadiangas Central),2026-03-06,Friday,11:00AM-12:00PM,Sunny,35000,12,1.2,32,J. Dela Cruz,
318,Cluster 3 (Dadiangas Central),2026-03-06,Friday,12:00PM-1:00PM,Sunny,35000,12,1.2,37,J. Dela Cruz,
319,Cluster 3 (Dadiangas Central),2026-03-06,Friday,1:00PM-2:00PM,Sunny,35000,12,1.2,33,J. Dela Cruz,
320,Cluster 3 (Dadiangas Central),2026-03-06,Friday,2:00PM-3:00PM,Sunny,35000,12,1.2,33,J. Dela Cruz,
321,Cluster 3 (Dadiangas Central),2026-03-06,Friday,3:00PM-4:00PM,Stormy,35000,12,1.2,19,J. Dela Cruz,
322,Cluster 3 (Dadiangas Central),2026-03-06,Friday,4:00PM-5:00PM,Windy,35000,12,1.2,38,J. Dela Cruz,
323,Cluster 3 (Dadiangas Central),2026-03-06,Friday,5:00PM-6:00PM,Rainy,35000,12,1.2,40,J. Dela Cruz,
324,Cluster 3 (Dadiangas Central),2026-03-06,Friday,6:00PM-7:00PM,Rainy,35000,12,1.2,39,J. Dela Cruz,
325,Cluster 4 (Apopong-Sinawal),2026-03-06,Friday,7:00AM-8:00AM,Sunny,19500,5,9.8,19,J. Dela Cruz,
326,Cluster 4 (Apopong-Sinawal),2026-03-06,Friday,8:00AM-9:00AM,Sunny,19500,5,9.8,18,J. Dela Cruz,
327,Cluster 4 (Apopong-Sinawal),2026-03-06,Friday,9:00AM-10:00AM,Stormy,19500,5,9.8,8,J. Dela Cruz,
328,Cluster 4 (Apopong-Sinawal),2026-03-06,Friday,10:00AM-11:00AM,Rainy,19500,5,9.8,10,J. Dela Cruz,
329,Cluster 4 (Apopong-Sinawal),2026-03-06,Friday,11:00AM-12:00PM,Sunny,19500,5,9.8,13,J. Dela Cruz,
330,Cluster 4 (Apopong-Sinawal),2026-03-06,Friday,12:00PM-1:00PM,Sunny,19500,5,9.8,13,J. Dela Cruz,
331,Cluster 4 (Apopong-Sinawal),2026-03-06,Friday,1:00PM-2:00PM,Windy,19500,5,9.8,12,J. Dela Cruz,
332,Cluster 4 (Apopong-Sinawal),2026-03-06,Friday,2:00PM-3:00PM,Stormy,19500,5,9.8,6,J. Dela Cruz,
333,Cluster 4 (Apopong-Sinawal),2026-03-06,Friday,3:00PM-4:00PM,Rainy,19500,5,9.8,10,J. Dela Cruz,
334,Cluster 4 (Apopong-Sinawal),2026-03-06,Friday,4:00PM-5:00PM,Rainy,19500,5,9.8,11,J. Dela Cruz,
335,Cluster 4 (Apopong-Sinawal),2026-03-06,Friday,5:00PM-6:00PM,Sunny,19500,5,9.8,19,J. Dela Cruz,
336,Cluster 4 (Apopong-Sinawal),2026-03-06,Friday,6:00PM-7:00PM,Sunny,19500,5,9.8,19,J. Dela Cruz,
337,Cluster 5 (Tambler-Siguel),2026-03-06,Friday,7:00AM-8:00AM,Stormy,15200,4,12.5,7,J. Dela Cruz,
338,Cluster 5 (Tambler-Siguel),2026-03-06,Friday,8:00AM-9:00AM,Windy,15200,4,12.5,14,J. Dela Cruz,
339,Cluster 5 (Tambler-Siguel),2026-03-06,Friday,9:00AM-10:00AM,Windy,15200,4,12.5,12,J. Dela Cruz,
340,Cluster 5 (Tambler-Siguel),2026-03-06,Friday,10:00AM-11:00AM,Sunny,15200,4,12.5,9,J. Dela Cruz,
341,Cluster 5 (Tambler-Siguel),2026-03-06,Friday,11:00AM-12:00PM,Windy,15200,4,12.5,8,J. Dela Cruz,
342,Cluster 5 (Tambler-Siguel),2026-03-06,Friday,12:00PM-1:00PM,Sunny,15200,4,12.5,9,J. Dela Cruz,
343,Cluster 5 (Tambler-Siguel),2026-03-06,Friday,1:00PM-2:00PM,Sunny,15200,4,12.5,9,J. Dela Cruz,
344,Cluster 5 (Tambler-Siguel),2026-03-06,Friday,2:00PM-3:00PM,Windy,15200,4,12.5,8,J. Dela Cruz,
345,Cluster 5 (Tambler-Siguel),2026-03-06,Friday,3:00PM-4:00PM,Sunny,15200,4,12.5,10,J. Dela Cruz,
346,Cluster 5 (Tambler-Siguel),2026-03-06,Friday,4:00PM-5:00PM,Windy,15200,4,12.5,10,J. Dela Cruz,
347,Cluster 5 (Tambler-Siguel),2026-03-06,Friday,5:00PM-6:00PM,Windy,15200,4,12.5,14,J. Dela Cruz,
348,Cluster 5 (Tambler-Siguel),2026-03-06,Friday,6:00PM-7:00PM,Rainy,15200,4,12.5,10,J. Dela Cruz,
349,Cluster 6 (Fatima-San Isidro),2026-03-06,Friday,7:00AM-8:00AM,Windy,22800,6,7.3,25,J. Dela Cruz,
350,Cluster 6 (Fatima-San Isidro),2026-03-06,Friday,8:00AM-9:00AM,Sunny,22800,6,7.3,25,J. Dela Cruz,
351,Cluster 6 (Fatima-San Isidro),2026-03-06,Friday,9:00AM-10:00AM,Windy,22800,6,7.3,21,J. Dela Cruz,
352,Cluster 6 (Fatima-San Isidro),2026-03-06,Friday,10:00AM-11:00AM,Rainy,22800,6,7.3,12,J. Dela Cruz,
353,Cluster 6 (Fatima-San Isidro),2026-03-06,Friday,11:00AM-12:00PM,Sunny,22800,6,7.3,15,J. Dela Cruz,
354,Cluster 6 (Fatima-San Isidro),2026-03-06,Friday,12:00PM-1:00PM,Windy,22800,6,7.3,17,J. Dela Cruz,
355,Cluster 6 (Fatima-San Isidro),2026-03-06,Friday,1:00PM-2:00PM,Sunny,22800,6,7.3,16,J. Dela Cruz,
356,Cluster 6 (Fatima-San Isidro),2026-03-06,Friday,2:00PM-3:00PM,Windy,22800,6,7.3,16,J. Dela Cruz,
357,Cluster 6 (Fatima-San Isidro),2026-03-06,Friday,3:00PM-4:00PM,Stormy,22800,6,7.3,8,J. Dela Cruz,
358,Cluster 6 (Fatima-San Isidro),2026-03-06,Friday,4:00PM-5:00PM,Sunny,22800,6,7.3,18,J. Dela Cruz,
359,Cluster 6 (Fatima-San Isidro),2026-03-06,Friday,5:00PM-6:00PM,Sunny,22800,6,7.3,24,J. Dela Cruz,
360,Cluster 6 (Fatima-San Isidro),2026-03-06,Friday,6:00PM-7:00PM,Sunny,22800,6,7.3,22,J. Dela Cruz,
361,Cluster 1 (Lagao-City Heights),2026-03-07,Saturday,7:00AM-8:00AM,Sunny,42000,11,6.5,55,J. Dela Cruz,
362,Cluster 1 (Lagao-City Heights),2026-03-07,Saturday,8:00AM-9:00AM,Rainy,42000,11,6.5,40,J. Dela Cruz,
363,Cluster 1 (Lagao-City Heights),2026-03-07,Saturday,9:00AM-10:00AM,Stormy,42000,11,6.5,23,J. Dela Cruz,
364,Cluster 1 (Lagao-City Heights),2026-03-07,Saturday,10:00AM-11:00AM,Windy,42000,11,6.5,32,J. Dela Cruz,
365,Cluster 1 (Lagao-City Heights),2026-03-07,Saturday,11:00AM-12:00PM,Sunny,42000,11,6.5,35,J. Dela Cruz,
366,Cluster 1 (Lagao-City Heights),2026-03-07,Saturday,12:00PM-1:00PM,Sunny,42000,11,6.5,38,J. Dela Cruz,
367,Cluster 1 (Lagao-City Heights),2026-03-07,Saturday,1:00PM-2:00PM,Rainy,42000,11,6.5,24,J. Dela Cruz,
368,Cluster 1 (Lagao-City Heights),2026-03-07,Saturday,2:00PM-3:00PM,Windy,42000,11,6.5,32,J. Dela Cruz,
369,Cluster 1 (Lagao-City Heights),2026-03-07,Saturday,3:00PM-4:00PM,Sunny,42000,11,6.5,32,J. Dela Cruz,
370,Cluster 1 (Lagao-City Heights),2026-03-07,Saturday,4:00PM-5:00PM,Sunny,42000,11,6.5,39,J. Dela Cruz,
371,Cluster 1 (Lagao-City Heights),2026-03-07,Saturday,5:00PM-6:00PM,Windy,42000,11,6.5,51,J. Dela Cruz,
372,Cluster 1 (Lagao-City Heights),2026-03-07,Saturday,6:00PM-7:00PM,Sunny,42000,11,6.5,50,J. Dela Cruz,
373,Cluster 2 (Calumpang-Bula),2026-03-07,Saturday,7:00AM-8:00AM,Sunny,28500,7,4.0,38,J. Dela Cruz,
374,Cluster 2 (Calumpang-Bula),2026-03-07,Saturday,8:00AM-9:00AM,Rainy,28500,7,4.0,28,J. Dela Cruz,
375,Cluster 2 (Calumpang-Bula),2026-03-07,Saturday,9:00AM-10:00AM,Sunny,28500,7,4.0,29,J. Dela Cruz,
376,Cluster 2 (Calumpang-Bula),2026-03-07,Saturday,10:00AM-11:00AM,Sunny,28500,7,4.0,27,J. Dela Cruz,
377,Cluster 2 (Calumpang-Bula),2026-03-07,Saturday,11:00AM-12:00PM,Sunny,28500,7,4.0,23,J. Dela Cruz,
378,Cluster 2 (Calumpang-Bula),2026-03-07,Saturday,12:00PM-1:00PM,Stormy,28500,7,4.0,13,J. Dela Cruz,
379,Cluster 2 (Calumpang-Bula),2026-03-07,Saturday,1:00PM-2:00PM,Sunny,28500,7,4.0,24,J. Dela Cruz,
380,Cluster 2 (Calumpang-Bula),2026-03-07,Saturday,2:00PM-3:00PM,Sunny,28500,7,4.0,22,J. Dela Cruz,
381,Cluster 2 (Calumpang-Bula),2026-03-07,Saturday,3:00PM-4:00PM,Rainy,28500,7,4.0,19,J. Dela Cruz,
382,Cluster 2 (Calumpang-Bula),2026-03-07,Saturday,4:00PM-5:00PM,Rainy,28500,7,4.0,20,J. Dela Cruz,
383,Cluster 2 (Calumpang-Bula),2026-03-07,Saturday,5:00PM-6:00PM,Sunny,28500,7,4.0,38,J. Dela Cruz,
384,Cluster 2 (Calumpang-Bula),2026-03-07,Saturday,6:00PM-7:00PM,Sunny,28500,7,4.0,35,J. Dela Cruz,
385,Cluster 3 (Dadiangas Central),2026-03-07,Saturday,7:00AM-8:00AM,Sunny,35000,12,1.2,65,J. Dela Cruz,
386,Cluster 3 (Dadiangas Central),2026-03-07,Saturday,8:00AM-9:00AM,Windy,35000,12,1.2,55,J. Dela Cruz,
387,Cluster 3 (Dadiangas Central),2026-03-07,Saturday,9:00AM-10:00AM,Sunny,35000,12,1.2,50,J. Dela Cruz,
388,Cluster 3 (Dadiangas Central),2026-03-07,Saturday,10:00AM-11:00AM,Windy,35000,12,1.2,36,J. Dela Cruz,
389,Cluster 3 (Dadiangas Central),2026-03-07,Saturday,11:00AM-12:00PM,Stormy,35000,12,1.2,21,J. Dela Cruz,
390,Cluster 3 (Dadiangas Central),2026-03-07,Saturday,12:00PM-1:00PM,Sunny,35000,12,1.2,40,J. Dela Cruz,
391,Cluster 3 (Dadiangas Central),2026-03-07,Saturday,1:00PM-2:00PM,Rainy,35000,12,1.2,31,J. Dela Cruz,
392,Cluster 3 (Dadiangas Central),2026-03-07,Saturday,2:00PM-3:00PM,Windy,35000,12,1.2,37,J. Dela Cruz,
393,Cluster 3 (Dadiangas Central),2026-03-07,Saturday,3:00PM-4:00PM,Sunny,35000,12,1.2,44,J. Dela Cruz,
394,Cluster 3 (Dadiangas Central),2026-03-07,Saturday,4:00PM-5:00PM,Stormy,35000,12,1.2,23,J. Dela Cruz,
395,Cluster 3 (Dadiangas Central),2026-03-07,Saturday,5:00PM-6:00PM,Windy,35000,12,1.2,55,J. Dela Cruz,
396,Cluster 3 (Dadiangas Central),2026-03-07,Saturday,6:00PM-7:00PM,Rainy,35000,12,1.2,43,J. Dela Cruz,
397,Cluster 4 (Apopong-Sinawal),2026-03-07,Saturday,7:00AM-8:00AM,Rainy,19500,5,9.8,17,J. Dela Cruz,
398,Cluster 4 (Apopong-Sinawal),2026-03-07,Saturday,8:00AM-9:00AM,Sunny,19500,5,9.8,23,J. Dela Cruz,
399,Cluster 4 (Apopong-Sinawal),2026-03-07,Saturday,9:00AM-10:00AM,Sunny,19500,5,9.8,19,J. Dela Cruz,
400,Cluster 4 (Apopong-Sinawal),2026-03-07,Saturday,10:00AM-11:00AM,Sunny,19500,5,9.8,15,J. Dela Cruz,
401,Cluster 4 (Apopong-Sinawal),2026-03-07,Saturday,11:00AM-12:00PM,Sunny,19500,5,9.8,13,J. Dela Cruz,
402,Cluster 4 (Apopong-Sinawal),2026-03-07,Saturday,12:00PM-1:00PM,Windy,19500,5,9.8,16,J. Dela Cruz,
403,Cluster 4 (Apopong-Sinawal),2026-03-07,Saturday,1:00PM-2:00PM,Sunny,19500,5,9.8,13,J. Dela Cruz,
404,Cluster 4 (Apopong-Sinawal),2026-03-07,Saturday,2:00PM-3:00PM,Sunny,19500,5,9.8,13,J. Dela Cruz,
405,Cluster 4 (Apopong-Sinawal),2026-03-07,Saturday,3:00PM-4:00PM,Windy,19500,5,9.8,14,J. Dela Cruz,
406,Cluster 4 (Apopong-Sinawal),2026-03-07,Saturday,4:00PM-5:00PM,Sunny,19500,5,9.8,16,J. Dela Cruz,
407,Cluster 4 (Apopong-Sinawal),2026-03-07,Saturday,5:00PM-6:00PM,Sunny,19500,5,9.8,22,J. Dela Cruz,
408,Cluster 4 (Apopong-Sinawal),2026-03-07,Saturday,6:00PM-7:00PM,Windy,19500,5,9.8,18,J. Dela Cruz,
409,Cluster 5 (Tambler-Siguel),2026-03-07,Saturday,7:00AM-8:00AM,Rainy,15200,4,12.5,10,J. Dela Cruz,
410,Cluster 5 (Tambler-Siguel),2026-03-07,Saturday,8:00AM-9:00AM,Windy,15200,4,12.5,15,J. Dela Cruz,
411,Cluster 5 (Tambler-Siguel),2026-03-07,Saturday,9:00AM-10:00AM,Rainy,15200,4,12.5,9,J. Dela Cruz,
412,Cluster 5 (Tambler-Siguel),2026-03-07,Saturday,10:00AM-11:00AM,Windy,15200,4,12.5,10,J. Dela Cruz,
413,Cluster 5 (Tambler-Siguel),2026-03-07,Saturday,11:00AM-12:00PM,Stormy,15200,4,12.5,5,J. Dela Cruz,
414,Cluster 5 (Tambler-Siguel),2026-03-07,Saturday,12:00PM-1:00PM,Sunny,15200,4,12.5,11,J. Dela Cruz,
415,Cluster 5 (Tambler-Siguel),2026-03-07,Saturday,1:00PM-2:00PM,Windy,15200,4,12.5,11,J. Dela Cruz,
416,Cluster 5 (Tambler-Siguel),2026-03-07,Saturday,2:00PM-3:00PM,Rainy,15200,4,12.5,7,J. Dela Cruz,
417,Cluster 5 (Tambler-Siguel),2026-03-07,Saturday,3:00PM-4:00PM,Sunny,15200,4,12.5,10,J. Dela Cruz,
418,Cluster 5 (Tambler-Siguel),2026-03-07,Saturday,4:00PM-5:00PM,Windy,15200,4,12.5,11,J. Dela Cruz,
419,Cluster 5 (Tambler-Siguel),2026-03-07,Saturday,5:00PM-6:00PM,Windy,15200,4,12.5,13,J. Dela Cruz,
420,Cluster 5 (Tambler-Siguel),2026-03-07,Saturday,6:00PM-7:00PM,Sunny,15200,4,12.5,16,J. Dela Cruz,
421,Cluster 6 (Fatima-San Isidro),2026-03-07,Saturday,7:00AM-8:00AM,Sunny,22800,6,7.3,28,J. Dela Cruz,
422,Cluster 6 (Fatima-San Isidro),2026-03-07,Saturday,8:00AM-9:00AM,Windy,22800,6,7.3,28,J. Dela Cruz,
423,Cluster 6 (Fatima-San Isidro),2026-03-07,Saturday,9:00AM-10:00AM,Rainy,22800,6,7.3,18,J. Dela Cruz,
424,Cluster 6 (Fatima-San Isidro),2026-03-07,Saturday,10:00AM-11:00AM,Sunny,22800,6,7.3,18,J. Dela Cruz,
425,Cluster 6 (Fatima-San Isidro),2026-03-07,Saturday,11:00AM-12:00PM,Windy,22800,6,7.3,17,J. Dela Cruz,
426,Cluster 6 (Fatima-San Isidro),2026-03-07,Saturday,12:00PM-1:00PM,Rainy,22800,6,7.3,13,J. Dela Cruz,
427,Cluster 6 (Fatima-San Isidro),2026-03-07,Saturday,1:00PM-2:00PM,Sunny,22800,6,7.3,19,J. Dela Cruz,
428,Cluster 6 (Fatima-San Isidro),2026-03-07,Saturday,2:00PM-3:00PM,Rainy,22800,6,7.3,14,J. Dela Cruz,
429,Cluster 6 (Fatima-San Isidro),2026-03-07,Saturday,3:00PM-4:00PM,Windy,22800,6,7.3,17,J. Dela Cruz,
430,Cluster 6 (Fatima-San Isidro),2026-03-07,Saturday,4:00PM-5:00PM,Sunny,22800,6,7.3,22,J. Dela Cruz,
431,Cluster 6 (Fatima-San Isidro),2026-03-07,Saturday,5:00PM-6:00PM,Rainy,22800,6,7.3,20,J. Dela Cruz,
432,Cluster 6 (Fatima-San Isidro),2026-03-07,Saturday,6:00PM-7:00PM,Windy,22800,6,7.3,26,J. Dela Cruz,
433,Cluster 1 (Lagao-City Heights),2026-03-08,Sunday,7:00AM-8:00AM,Sunny,42000,11,6.5,53,J. Dela Cruz,
434,Cluster 1 (Lagao-City Heights),2026-03-08,Sunday,8:00AM-9:00AM,Sunny,42000,11,6.5,51,J. Dela Cruz,
435,Cluster 1 (Lagao-City Heights),2026-03-08,Sunday,9:00AM-10:00AM,Sunny,42000,11,6.5,43,J. Dela Cruz,
436,Cluster 1 (Lagao-City Heights),2026-03-08,Sunday,10:00AM-11:00AM,Windy,42000,11,6.5,35,J. Dela Cruz,
437,Cluster 1 (Lagao-City Heights),2026-03-08,Sunday,11:00AM-12:00PM,Sunny,42000,11,6.5,30,J. Dela Cruz,
438,Cluster 1 (Lagao-City Heights),2026-03-08,Sunday,12:00PM-1:00PM,Rainy,42000,11,6.5,28,J. Dela Cruz,
439,Cluster 1 (Lagao-City Heights),2026-03-08,Sunday,1:00PM-2:00PM,Sunny,42000,11,6.5,38,J. Dela Cruz,
440,Cluster 1 (Lagao-City Heights),2026-03-08,Sunday,2:00PM-3:00PM,Sunny,42000,11,6.5,33,J. Dela Cruz,
441,Cluster 1 (Lagao-City Heights),2026-03-08,Sunday,3:00PM-4:00PM,Sunny,42000,11,6.5,33,J. Dela Cruz,
442,Cluster 1 (Lagao-City Heights),2026-03-08,Sunday,4:00PM-5:00PM,Sunny,42000,11,6.5,43,J. Dela Cruz,
443,Cluster 1 (Lagao-City Heights),2026-03-08,Sunday,5:00PM-6:00PM,Rainy,42000,11,6.5,39,J. Dela Cruz,
444,Cluster 1 (Lagao-City Heights),2026-03-08,Sunday,6:00PM-7:00PM,Sunny,42000,11,6.5,48,J. Dela Cruz,
445,Cluster 2 (Calumpang-Bula),2026-03-08,Sunday,7:00AM-8:00AM,Sunny,28500,7,4.0,36,J. Dela Cruz,
446,Cluster 2 (Calumpang-Bula),2026-03-08,Sunday,8:00AM-9:00AM,Windy,28500,7,4.0,34,J. Dela Cruz,
447,Cluster 2 (Calumpang-Bula),2026-03-08,Sunday,9:00AM-10:00AM,Sunny,28500,7,4.0,32,J. Dela Cruz,
448,Cluster 2 (Calumpang-Bula),2026-03-08,Sunday,10:00AM-11:00AM,Sunny,28500,7,4.0,24,J. Dela Cruz,
449,Cluster 2 (Calumpang-Bula),2026-03-08,Sunday,11:00AM-12:00PM,Sunny,28500,7,4.0,22,J. Dela Cruz,
450,Cluster 2 (Calumpang-Bula),2026-03-08,Sunday,12:00PM-1:00PM,Windy,28500,7,4.0,25,J. Dela Cruz,
451,Cluster 2 (Calumpang-Bula),2026-03-08,Sunday,1:00PM-2:00PM,Stormy,28500,7,4.0,12,J. Dela Cruz,
452,Cluster 2 (Calumpang-Bula),2026-03-08,Sunday,2:00PM-3:00PM,Stormy,28500,7,4.0,12,J. Dela Cruz,
453,Cluster 2 (Calumpang-Bula),2026-03-08,Sunday,3:00PM-4:00PM,Sunny,28500,7,4.0,25,J. Dela Cruz,
454,Cluster 2 (Calumpang-Bula),2026-03-08,Sunday,4:00PM-5:00PM,Windy,28500,7,4.0,28,J. Dela Cruz,
455,Cluster 2 (Calumpang-Bula),2026-03-08,Sunday,5:00PM-6:00PM,Sunny,28500,7,4.0,36,J. Dela Cruz,
456,Cluster 2 (Calumpang-Bula),2026-03-08,Sunday,6:00PM-7:00PM,Sunny,28500,7,4.0,36,J. Dela Cruz,
457,Cluster 3 (Dadiangas Central),2026-03-08,Sunday,7:00AM-8:00AM,Sunny,35000,12,1.2,62,J. Dela Cruz,
458,Cluster 3 (Dadiangas Central),2026-03-08,Sunday,8:00AM-9:00AM,Windy,35000,12,1.2,56,J. Dela Cruz,
459,Cluster 3 (Dadiangas Central),2026-03-08,Sunday,9:00AM-10:00AM,Windy,35000,12,1.2,49,J. Dela Cruz,
460,Cluster 3 (Dadiangas Central),2026-03-08,Sunday,10:00AM-11:00AM,Windy,35000,12,1.2,40,J. Dela Cruz,
461,Cluster 3 (Dadiangas Central),2026-03-08,Sunday,11:00AM-12:00PM,Windy,35000,12,1.2,39,J. Dela Cruz,
462,Cluster 3 (Dadiangas Central),2026-03-08,Sunday,12:00PM-1:00PM,Windy,35000,12,1.2,44,J. Dela Cruz,
463,Cluster 3 (Dadiangas Central),2026-03-08,Sunday,1:00PM-2:00PM,Windy,35000,12,1.2,37,J. Dela Cruz,
464,Cluster 3 (Dadiangas Central),2026-03-08,Sunday,2:00PM-3:00PM,Sunny,35000,12,1.2,39,J. Dela Cruz,
465,Cluster 3 (Dadiangas Central),2026-03-08,Sunday,3:00PM-4:00PM,Windy,35000,12,1.2,36,J. Dela Cruz,
466,Cluster 3 (Dadiangas Central),2026-03-08,Sunday,4:00PM-5:00PM,Sunny,35000,12,1.2,50,J. Dela Cruz,
467,Cluster 3 (Dadiangas Central),2026-03-08,Sunday,5:00PM-6:00PM,Sunny,35000,12,1.2,55,J. Dela Cruz,
468,Cluster 3 (Dadiangas Central),2026-03-08,Sunday,6:00PM-7:00PM,Sunny,35000,12,1.2,62,J. Dela Cruz,
469,Cluster 4 (Apopong-Sinawal),2026-03-08,Sunday,7:00AM-8:00AM,Sunny,19500,5,9.8,22,J. Dela Cruz,
470,Cluster 4 (Apopong-Sinawal),2026-03-08,Sunday,8:00AM-9:00AM,Rainy,19500,5,9.8,15,J. Dela Cruz,
471,Cluster 4 (Apopong-Sinawal),2026-03-08,Sunday,9:00AM-10:00AM,Rainy,19500,5,9.8,13,J. Dela Cruz,
472,Cluster 4 (Apopong-Sinawal),2026-03-08,Sunday,10:00AM-11:00AM,Rainy,19500,5,9.8,11,J. Dela Cruz,
473,Cluster 4 (Apopong-Sinawal),2026-03-08,Sunday,11:00AM-12:00PM,Sunny,19500,5,9.8,12,J. Dela Cruz,
474,Cluster 4 (Apopong-Sinawal),2026-03-08,Sunday,12:00PM-1:00PM,Stormy,19500,5,9.8,7,J. Dela Cruz,
475,Cluster 4 (Apopong-Sinawal),2026-03-08,Sunday,1:00PM-2:00PM,Stormy,19500,5,9.8,8,J. Dela Cruz,
476,Cluster 4 (Apopong-Sinawal),2026-03-08,Sunday,2:00PM-3:00PM,Windy,19500,5,9.8,14,J. Dela Cruz,
477,Cluster 4 (Apopong-Sinawal),2026-03-08,Sunday,3:00PM-4:00PM,Stormy,19500,5,9.8,8,J. Dela Cruz,
478,Cluster 4 (Apopong-Sinawal),2026-03-08,Sunday,4:00PM-5:00PM,Sunny,19500,5,9.8,18,J. Dela Cruz,
479,Cluster 4 (Apopong-Sinawal),2026-03-08,Sunday,5:00PM-6:00PM,Sunny,19500,5,9.8,21,J. Dela Cruz,
480,Cluster 4 (Apopong-Sinawal),2026-03-08,Sunday,6:00PM-7:00PM,Sunny,19500,5,9.8,21,J. Dela Cruz,
481,Cluster 5 (Tambler-Siguel),2026-03-08,Sunday,7:00AM-8:00AM,Windy,15200,4,12.5,14,J. Dela Cruz,
482,Cluster 5 (Tambler-Siguel),2026-03-08,Sunday,8:00AM-9:00AM,Rainy,15200,4,12.5,13,J. Dela Cruz,
483,Cluster 5 (Tambler-Siguel),2026-03-08,Sunday,9:00AM-10:00AM,Sunny,15200,4,12.5,12,J. Dela Cruz,
484,Cluster 5 (Tambler-Siguel),2026-03-08,Sunday,10:00AM-11:00AM,Sunny,15200,4,12.5,11,J. Dela Cruz,
485,Cluster 5 (Tambler-Siguel),2026-03-08,Sunday,11:00AM-12:00PM,Windy,15200,4,12.5,10,J. Dela Cruz,
486,Cluster 5 (Tambler-Siguel),2026-03-08,Sunday,12:00PM-1:00PM,Sunny,15200,4,12.5,10,J. Dela Cruz,
487,Cluster 5 (Tambler-Siguel),2026-03-08,Sunday,1:00PM-2:00PM,Rainy,15200,4,12.5,8,J. Dela Cruz,
488,Cluster 5 (Tambler-Siguel),2026-03-08,Sunday,2:00PM-3:00PM,Sunny,15200,4,12.5,10,J. Dela Cruz,
489,Cluster 5 (Tambler-Siguel),2026-03-08,Sunday,3:00PM-4:00PM,Sunny,15200,4,12.5,11,J. Dela Cruz,
490,Cluster 5 (Tambler-Siguel),2026-03-08,Sunday,4:00PM-5:00PM,Sunny,15200,4,12.5,12,J. Dela Cruz,
491,Cluster 5 (Tambler-Siguel),2026-03-08,Sunday,5:00PM-6:00PM,Sunny,15200,4,12.5,16,J. Dela Cruz,
492,Cluster 5 (Tambler-Siguel),2026-03-08,Sunday,6:00PM-7:00PM,Sunny,15200,4,12.5,14,J. Dela Cruz,
493,Cluster 6 (Fatima-San Isidro),2026-03-08,Sunday,7:00AM-8:00AM,Windy,22800,6,7.3,27,J. Dela Cruz,
494,Cluster 6 (Fatima-San Isidro),2026-03-08,Sunday,8:00AM-9:00AM,Stormy,22800,6,7.3,14,J. Dela Cruz,
495,Cluster 6 (Fatima-San Isidro),2026-03-08,Sunday,9:00AM-10:00AM,Windy,22800,6,7.3,20,J. Dela Cruz,
496,Cluster 6 (Fatima-San Isidro),2026-03-08,Sunday,10:00AM-11:00AM,Sunny,22800,6,7.3,17,J. Dela Cruz,
497,Cluster 6 (Fatima-San Isidro),2026-03-08,Sunday,11:00AM-12:00PM,Sunny,22800,6,7.3,17,J. Dela Cruz,
498,Cluster 6 (Fatima-San Isidro),2026-03-08,Sunday,12:00PM-1:00PM,Stormy,22800,6,7.3,9,J. Dela Cruz,
499,Cluster 6 (Fatima-San Isidro),2026-03-08,Sunday,1:00PM-2:00PM,Sunny,22800,6,7.3,18,J. Dela Cruz,
500,Cluster 6 (Fatima-San Isidro),2026-03-08,Sunday,2:00PM-3:00PM,Stormy,22800,6,7.3,9,J. Dela Cruz,
501,Cluster 6 (Fatima-San Isidro),2026-03-08,Sunday,3:00PM-4:00PM,Sunny,22800,6,7.3,19,J. Dela Cruz,
502,Cluster 6 (Fatima-San Isidro),2026-03-08,Sunday,4:00PM-5:00PM,Sunny,22800,6,7.3,24,J. Dela Cruz,
503,Cluster 6 (Fatima-San Isidro),2026-03-08,Sunday,5:00PM-6:00PM,Sunny,22800,6,7.3,26,J. Dela Cruz,
504,Cluster 6 (Fatima-San Isidro),2026-03-08,Sunday,6:00PM-7:00PM,Sunny,22800,6,7.3,24,J. Dela Cruz,
